,coord,weather,base,main,visibility,wind,clouds,dt,sys,timezone,id,name,cod,rain,message
0,"{'lon': 18.42, 'lat': -33.93}","[{'id': 801, 'main': 'Clouds', 'description': 'few clouds', 'icon': '02n'}]",stations,"{'temp': 58.75, 'feels_like': 56.34, 'temp_min': 55.99, 'temp_max': 61, 'pressure': 1010, 'humidity': 93}",10000.0,"{'speed': 8.05, 'deg': 330}",{'all': 20},1603770468.0,"{'type': 1, 'id': 1899, 'country': 'ZA', 'sunrise': 1603770623, 'sunset': 1603818583}",7200.0,3369157.0,Cape Town,200,,
1,"{'lon': -134.97, 'lat': -23.12}","[{'id': 500, 'main': 'Rain', 'description': 'light rain', 'icon': '10n'}]",stations,"{'temp': 75.54, 'feels_like': 75.22, 'temp_min': 75.54, 'temp_max': 75.54, 'pressure': 1017, 'humidity': 86, 'sea_level': 1017, 'grnd_level': 1014}",10000.0,"{'speed': 15.08, 'deg': 352}",{'all': 100},1603770757.0,"{'country': 'PF', 'sunrise': 1603721868, 'sunset': 1603768170}",-32400.0,4030556.0,Rikitea,200,{'1h': 0.18},
2,"{'lon': 17.94, 'lat': -33.01}","[{'id': 802, 'main': 'Clouds', 'description': 'scattered clouds', 'icon': '03n'}]",stations,"{'temp': 59, 'feels_like': 56.7, 'temp_min': 59, 'temp_max': 59, 'pressure': 1011, 'humidity': 87}",9975.0,"{'speed': 6.93, 'deg': 350}",{'all': 29},1603770758.0,"{'type': 1, 'id': 1943, 'country': 'ZA', 'sunrise': 1603770815, 'sunset': 1603818621}",7200.0,3361934.0,Saldanha,200,,
3,"{'lon': -5.72, 'lat': -15.94}","[{'id': 804, 'main': 'Clouds', 'description': 'overcast clouds', 'icon': '04n'}]",stations,"{'temp': 61.03, 'feels_like': 54.09, 'temp_min': 61.03, 'temp_max': 61.03, 'pressure': 1013, 'humidity': 97, 'sea_level': 1013, 'grnd_level': 967}",10000.0,"{'speed': 18.25, 'deg': 127}",{'all': 97},1603770759.0,"{'country': 'SH', 'sunrise': 1603777680, 'sunset': 1603823112}",0.0,3370903.0,Jamestown,200,,
4,"{'lon': 81.77, 'lat': 51.95}","[{'id': 803, 'main': 'Clouds', 'description': 'broken clouds', 'icon': '04d'}]",stations,"{'temp': 50.34, 'feels_like': 31.46, 'temp_min': 50.34, 'temp_max': 50.34, 'pressure': 1008, 'humidity': 44, 'sea_level': 1008, 'grnd_level': 985}",10000.0,"{'speed': 26.51, 'deg': 196}",{'all': 76},1603770760.0,"{'country': 'RU', 'sunrise': 1603761523, 'sunset': 1603797276}",25200.0,1494331.0,Pospelikha,200,,
5,"{'lon': 96.37, 'lat': 61.67}","[{'id': 803, 'main': 'Clouds', 'description': 'broken clouds', 'icon': '04d'}]",stations,"{'temp': 18.75, 'feels_like': 10.45, 'temp_min': 18.75, 'temp_max': 18.75, 'pressure': 1026, 'humidity': 92, 'sea_level': 1026, 'grnd_level': 1006}",10000.0,"{'speed': 5.37, 'deg': 64}",{'all': 68},1603770762.0,"{'country': 'RU', 'sunrise': 1603759828, 'sunset': 1603791964}",25200.0,1510689.0,Baykit,200,,
6,"{'lon': -165.41, 'lat': 64.5}","[{'id': 802, 'main': 'Clouds', 'description': 'scattered clouds', 'icon': '03n'}]",stations,"{'temp': 28.92, 'feels_like': 19.56, 'temp_min': 27, 'temp_max': 32, 'pressure': 1012, 'humidity': 94}",10000.0,"{'speed': 9.17, 'deg': 330}",{'all': 40},1603770763.0,"{'type': 1, 'id': 7770, 'country': 'US', 'sunrise': 1603736988, 'sunset': 1603767661}",-28800.0,5870133.0,Nome,200,,
7,,,,,,,,,,,,,404,,city not found
8,"{'lon': 115.33, 'lat': -33.65}","[{'id': 803, 'main': 'Clouds', 'description': 'broken clouds', 'icon': '04d'}]",stations,"{'temp': 68, 'feels_like': 61.81, 'temp_min': 68, 'temp_max': 68, 'pressure': 1012, 'humidity': 56}",10000.0,"{'speed': 11.99, 'deg': 300, 'gust': 21}",{'all': 82},1603770765.0,"{'type': 3, 'id': 2003721, 'country': 'AU', 'sunrise': 1603747405, 'sunset': 1603795286}",28800.0,2075265.0,Busselton,200,,
9,"{'lon': -175.2, 'lat': -21.2}","[{'id': 802, 'main': 'Clouds', 'description': 'scattered clouds', 'icon': '03n'}]",stations,"{'temp': 77, 'feels_like': 79.27, 'temp_min': 77, 'temp_max': 77, 'pressure': 1012, 'humidity': 78}",10000.0,"{'speed': 9.17, 'deg': 110}",{'all': 40},1603770766.0,"{'type': 1, 'id': 7285, 'country': 'TO', 'sunrise': 1603818006, 'sunset': 1603864132}",46800.0,4032243.0,Vaini,200,,
10,,,,,,,,,,,,,404,,city not found
11,"{'lon': -133.04, 'lat': 69.45}","[{'id': 801, 'main': 'Clouds', 'description': 'few clouds', 'icon': '02n'}]",stations,"{'temp': 10.4, 'feels_like': -2.85, 'temp_min': 10.4, 'temp_max': 10.4, 'pressure': 1008, 'humidity': 78}",10000.0,"{'speed': 12.75, 'deg': 120}",{'all': 20},1603770769.0,"{'type': 1, 'id': 942, 'country': 'CA', 'sunrise': 1603731127, 'sunset': 1603757986}",-21600.0,6170031.0,Tuktoyaktuk,200,,
12,"{'lon': 26.89, 'lat': -33.59}","[{'id': 803, 'main': 'Clouds', 'description': 'broken clouds', 'icon': '04d'}]",stations,"{'temp': 67.39, 'feels_like': 56.25, 'temp_min': 67.39, 'temp_max': 67.39, 'pressure': 1010, 'humidity': 82, 'sea_level': 1010, 'grnd_level': 1008}",10000.0,"{'speed': 26.75, 'deg': 56}",{'all': 54},1603770770.0,"{'country': 'ZA', 'sunrise': 1603768620, 'sunset': 1603816520}",7200.0,964432.0,Port Alfred,200,,
13,"{'lon': 54.09, 'lat': 17.02}","[{'id': 800, 'main': 'Clear', 'description': 'clear sky', 'icon': '01d'}]",stations,"{'temp': 73.4, 'feels_like': 74.93, 'temp_min': 73.4, 'temp_max': 73.4, 'pressure': 1013, 'humidity': 60}",10000.0,"{'speed': 2.24, 'deg': 0}",{'all': 0},1603770771.0,"{'type': 1, 'id': 7562, 'country': 'OM', 'sunrise': 1603765192, 'sunset': 1603806893}",14400.0,286621.0,Salalah,200,,
14,"{'lon': -152.41, 'lat': 57.79}","[{'id': 800, 'main': 'Clear', 'description': 'clear sky', 'icon': '01n'}]",stations,"{'temp': 48.2, 'feels_like': 31.35, 'temp_min': 48.2, 'temp_max': 48.2, 'pressure': 1008, 'humidity': 49}",10000.0,"{'speed': 23.04, 'deg': 290, 'gust': 36.91}",{'all': 1},1603770772.0,"{'type': 1, 'id': 7668, 'country': 'US', 'sunrise': 1603732243, 'sunset': 1603766166}",-28800.0,5866583.0,Saint Paul Harbor,200,,
15,"{'lon': 167.72, 'lat': -45.42}","[{'id': 800, 'main': 'Clear', 'description': 'clear sky', 'icon': '01d'}]",stations,"{'temp': 59.13, 'feels_like': 53.44, 'temp_min': 59.13, 'temp_max': 59.13, 'pressure': 1025, 'humidity': 53, 'sea_level': 1025, 'grnd_level': 999}",10000.0,"{'speed': 6.87, 'deg': 148}",{'all': 2},1603770774.0,"{'country': 'NZ', 'sunrise': 1603733680, 'sunset': 1603783865}",46800.0,2181625.0,Te Anau,200,,
16,"{'lon': -78.17, 'lat': 18.45}","[{'id': 802, 'main': 'Clouds', 'description': 'scattered clouds', 'icon': '03n'}]",stations,"{'temp': 80.08, 'feels_like': 84.96, 'temp_min': 78.01, 'temp_max': 82.4, 'pressure': 1013, 'humidity': 74}",10000.0,"{'speed': 5.82, 'deg': 130}",{'all': 40},1603770775.0,"{'type': 1, 'id': 7107, 'country': 'JM', 'sunrise': 1603710604, 'sunset': 1603752172}",-18000.0,3489657.0,Lucea,200,,
17,"{'lon': -58.65, 'lat': 51.23}","[{'id': 804, 'main': 'Clouds', 'description': 'overcast clouds', 'icon': '04n'}]",stations,"{'temp': 33.21, 'feels_like': 23.86, 'temp_min': 33.21, 'temp_max': 33.21, 'pressure': 1022, 'humidity': 82, 'sea_level': 1022, 'grnd_level': 1019}",10000.0,"{'speed': 9.35, 'deg': 241}",{'all': 100},1603770619.0,"{'country': 'CA', 'sunrise': 1603708660, 'sunset': 1603744747}",-14400.0,6137462.0,Saint-Augustin,200,,
18,"{'lon': -9.38, 'lat': 39.36}","[{'id': 803, 'main': 'Clouds', 'description': 'broken clouds', 'icon': '04n'}]",stations,"{'temp': 53.4, 'feels_like': 49.26, 'temp_min': 52, 'temp_max': 55.99, 'pressure': 1020, 'humidity': 78}",10000.0,"{'speed': 5.99, 'deg': 167, 'gust': 10}",{'all': 83},1603770777.0,"{'type': 3, 'id': 2002665, 'country': 'PT', 'sunrise': 1603782013, 'sunset': 1603820536}",0.0,2264923.0,Peniche,200,,
19,,,,,,,,,,,,,404,,city not found
20,,,,,,,,,,,,,404,,city not found
21,"{'lon': 122.88, 'lat': -0.91}","[{'id': 804, 'main': 'Clouds', 'description': 'overcast clouds', 'icon': '04d'}]",stations,"{'temp': 86.07, 'feels_like': 91.08, 'temp_min': 86.07, 'temp_max': 86.07, 'pressure': 1009, 'humidity': 59, 'sea_level': 1009, 'grnd_level': 996}",10000.0,"{'speed': 4.7, 'deg': 212}",{'all': 89},1603770781.0,"{'country': 'ID', 'sunrise': 1603747680, 'sunset': 1603791388}",28800.0,1637001.0,Biak,200,,
22,"{'lon': -72.78, 'lat': 47.43}","[{'id': 804, 'main': 'Clouds', 'description': 'overcast clouds', 'icon': '04n'}]",stations,"{'temp': 31.8, 'feels_like': 25.2, 'temp_min': 31.8, 'temp_max': 31.8, 'pressure': 1020, 'humidity': 98, 'sea_level': 1020, 'grnd_level': 988}",10000.0,"{'speed': 5.21, 'deg': 290}",{'all': 100},1603770782.0,"{'country': 'CA', 'sunrise': 1603711582, 'sunset': 1603748607}",-14400.0,6050416.0,La Tuque,200,,
23,"{'lon': -124.22, 'lat': 43.37}","[{'id': 800, 'main': 'Clear', 'description': 'clear sky', 'icon': '01n'}]",stations,"{'temp': 46.58, 'feels_like': 38.12, 'temp_min': 44.01, 'temp_max': 48.2, 'pressure': 1029, 'humidity': 61}",10000.0,"{'speed': 9.17, 'deg': 350}",{'all': 1},1603770653.0,"{'type': 1, 'id': 5239, 'country': 'US', 'sunrise': 1603723505, 'sunset': 1603761373}",-25200.0,5720495.0,Coos Bay,200,,
24,"{'lon': 79.17, 'lat': 52.27}","[{'id': 803, 'main': 'Clouds', 'description': 'broken clouds', 'icon': '04d'}]",stations,"{'temp': 52.21, 'feels_like': 37.4, 'temp_min': 52.21, 'temp_max': 52.21, 'pressure': 1004, 'humidity': 48, 'sea_level': 1004, 'grnd_level': 987}",10000.0,"{'speed': 20.27, 'deg': 188}",{'all': 57},1603770785.0,"{'country': 'RU', 'sunrise': 1603762194, 'sunset': 1603797854}",25200.0,1503153.0,Klyuchi,200,,
25,"{'lon': 115.33, 'lat': -33.65}","[{'id': 803, 'main': 'Clouds', 'description': 'broken clouds', 'icon': '04d'}]",stations,"{'temp': 68, 'feels_like': 61.81, 'temp_min': 68, 'temp_max': 68, 'pressure': 1012, 'humidity': 56}",10000.0,"{'speed': 11.99, 'deg': 300, 'gust': 21}",{'all': 82},1603770765.0,"{'type': 3, 'id': 2003721, 'country': 'AU', 'sunrise': 1603747405, 'sunset': 1603795286}",28800.0,2075265.0,Busselton,200,,
26,"{'lon': -139.03, 'lat': -9.8}","[{'id': 802, 'main': 'Clouds', 'description': 'scattered clouds', 'icon': '03n'}]",stations,"{'temp': 78.87, 'feels_like': 73.67, 'temp_min': 78.87, 'temp_max': 78.87, 'pressure': 1013, 'humidity': 73, 'sea_level': 1013, 'grnd_level': 1011}",10000.0,"{'speed': 22.3, 'deg': 75}",{'all': 37},1603770787.0,"{'country': 'PF', 'sunrise': 1603723650, 'sunset': 1603768338}",-34200.0,4020109.0,Atuona,200,,
27,"{'lon': -134.97, 'lat': -23.12}","[{'id': 500, 'main': 'Rain', 'description': 'light rain', 'icon': '10n'}]",stations,"{'temp': 75.54, 'feels_like': 75.22, 'temp_min': 75.54, 'temp_max': 75.54, 'pressure': 1017, 'humidity': 86, 'sea_level': 1017, 'grnd_level': 1014}",10000.0,"{'speed': 15.08, 'deg': 352}",{'all': 100},1603770757.0,"{'country': 'PF', 'sunrise': 1603721868, 'sunset': 1603768170}",-32400.0,4030556.0,Rikitea,200,{'1h': 0.18},
28,"{'lon': 55.77, 'lat': -21.36}","[{'id': 804, 'main': 'Clouds', 'description': 'overcast clouds', 'icon': '04d'}]",stations,"{'temp': 72.12, 'feels_like': 75.29, 'temp_min': 66.99, 'temp_max': 75.2, 'pressure': 1016, 'humidity': 73}",10000.0,"{'speed': 2.24, 'deg': 0}",{'all': 90},1603770790.0,"{'type': 1, 'id': 2127, 'country': 'RE', 'sunrise': 1603762587, 'sunset': 1603808691}",14400.0,935215.0,Saint-Philippe,200,,
29,"{'lon': 114.08, 'lat': 71.92}","[{'id': 804, 'main': 'Clouds', 'description': 'overcast clouds', 'icon': '04d'}]",stations,"{'temp': -0.69, 'feels_like': -10.23, 'temp_min': -0.69, 'temp_max': -0.69, 'pressure': 1027, 'humidity': 91, 'sea_level': 1027, 'grnd_level': 1026}",6412.0,"{'speed': 5.55, 'deg': 254}",{'all': 92},1603770783.0,"{'country': 'RU', 'sunrise': 1603759767, 'sunset': 1603783524}",32400.0,2017155.0,Saskylakh,200,,
30,"{'lon': -6.59, 'lat': 62.23}","[{'id': 803, 'main': 'Clouds', 'description': 'broken clouds', 'icon': '04n'}]",stations,"{'temp': 33.8, 'feels_like': 29.32, 'temp_min': 33.8, 'temp_max': 33.8, 'pressure': 992, 'humidity': 86}",10000.0,"{'speed': 1.12, 'deg': 20}",{'all': 62},1603770792.0,"{'type': 1, 'id': 1596, 'country': 'FO', 'sunrise': 1603784730, 'sunset': 1603816480}",0.0,2618795.0,Klaksvík,200,,
31,"{'lon': 135.6, 'lat': 70.02}","[{'id': 804, 'main': 'Clouds', 'description': 'overcast clouds', 'icon': '04d'}]",stations,"{'temp': 5.09, 'feels_like': -1.82, 'temp_min': 5.09, 'temp_max': 5.09, 'pressure': 1025, 'humidity': 88, 'sea_level': 1025, 'grnd_level': 1016}",10000.0,"{'speed': 1.28, 'deg': 21}",{'all': 100},1603770793.0,"{'country': 'RU', 'sunrise': 1603753418, 'sunset': 1603779544}",36000.0,2013921.0,Ust-Kuyga,200,,
32,"{'lon': 153.68, 'lat': 67.45}","[{'id': 800, 'main': 'Clear', 'description': 'clear sky', 'icon': '01d'}]",stations,"{'temp': 10.18, 'feels_like': 1.6, 'temp_min': 10.18, 'temp_max': 10.18, 'pressure': 1027, 'humidity': 91, 'sea_level': 1027, 'grnd_level': 1025}",10000.0,"{'speed': 4.76, 'deg': 202}",{'all': 0},1603770795.0,"{'country': 'RU', 'sunrise': 1603747868, 'sunset': 1603776416}",39600.0,2121025.0,Srednekolymsk,200,,
33,,,,,,,,,,,,,404,,city not found
34,,,,,,,,,,,,,404,,city not found
35,"{'lon': 168.33, 'lat': -46.6}","[{'id': 801, 'main': 'Clouds', 'description': 'few clouds', 'icon': '02d'}]",stations,"{'temp': 57, 'feels_like': 52.07, 'temp_min': 57, 'temp_max': 57, 'pressure': 1030, 'humidity': 66}",10000.0,"{'speed': 7, 'deg': 97, 'gust': 15.01}",{'all': 15},1603770798.0,"{'type': 3, 'id': 2008959, 'country': 'NZ', 'sunrise': 1603733390, 'sunset': 1603783863}",46800.0,2206939.0,Bluff,200,,
36,"{'lon': -70.92, 'lat': -53.15}","[{'id': 801, 'main': 'Clouds', 'description': 'few clouds', 'icon': '02n'}]",stations,"{'temp': 41, 'feels_like': 25.7, 'temp_min': 41, 'temp_max': 41, 'pressure': 986, 'humidity': 70}",10000.0,"{'speed': 20.8, 'deg': 310}",{'all': 20},1603770800.0,"{'type': 1, 'id': 8487, 'country': 'CL', 'sunrise': 1603789778, 'sunset': 1603842309}",-10800.0,3874787.0,Punta Arenas,200,,
37,,,,,,,,,,,,,404,,city not found
38,"{'lon': 147.33, 'lat': -42.88}","[{'id': 803, 'main': 'Clouds', 'description': 'broken clouds', 'icon': '04d'}]",stations,"{'temp': 57.6, 'feels_like': 49.55, 'temp_min': 55.4, 'temp_max': 59, 'pressure': 1031, 'humidity': 58}",10000.0,"{'speed': 11.41, 'deg': 130}",{'all': 75},1603770802.0,"{'type': 1, 'id': 9545, 'country': 'AU', 'sunrise': 1603738858, 'sunset': 1603788474}",39600.0,2163355.0,Hobart,200,,
39,"{'lon': 30.79, 'lat': 59.7}","[{'id': 803, 'main': 'Clouds', 'description': 'broken clouds', 'icon': '04n'}]",stations,"{'temp': 48.99, 'feels_like': 45.37, 'temp_min': 48, 'temp_max': 50, 'pressure': 1013, 'humidity': 87}",10000.0,"{'speed': 4.47, 'deg': 170}",{'all': 75},1603770803.0,"{'type': 1, 'id': 8926, 'country': 'RU', 'sunrise': 1603775137, 'sunset': 1603808132}",10800.0,546105.0,Nikolskoye,200,,
40,"{'lon': 59.53, 'lat': 22.57}","[{'id': 800, 'main': 'Clear', 'description': 'clear sky', 'icon': '01d'}]",stations,"{'temp': 76.51, 'feels_like': 76.78, 'temp_min': 76.51, 'temp_max': 76.51, 'pressure': 1016, 'humidity': 45, 'sea_level': 1016, 'grnd_level': 1015}",10000.0,"{'speed': 1.5, 'deg': 225}",{'all': 0},1603770642.0,"{'country': 'OM', 'sunrise': 1603764223, 'sunset': 1603805251}",14400.0,286245.0,Sur,200,,
41,"{'lon': -14.42, 'lat': -7.93}","[{'id': 801, 'main': 'Clouds', 'description': 'few clouds', 'icon': '02n'}]",stations,"{'temp': 73.4, 'feels_like': 72, 'temp_min': 73.4, 'temp_max': 73.4, 'pressure': 1011, 'humidity': 78}",10000.0,"{'speed': 12.75, 'deg': 140}",{'all': 20},1603770805.0,"{'type': 1, 'id': 2046, 'country': 'SH', 'sunrise': 1603780237, 'sunset': 1603824731}",0.0,2411397.0,Georgetown,200,,
42,"{'lon': -97.86, 'lat': 55.74}","[{'id': 802, 'main': 'Clouds', 'description': 'scattered clouds', 'icon': '03n'}]",stations,"{'temp': 21.2, 'feels_like': 12.16, 'temp_min': 21.2, 'temp_max': 21.2, 'pressure': 1006, 'humidity': 62}",10000.0,"{'speed': 5.82, 'deg': 210}",{'all': 40},1603770760.0,"{'type': 1, 'id': 935, 'country': 'CA', 'sunrise': 1603718763, 'sunset': 1603753464}",-18000.0,6165406.0,Thompson,200,,
43,"{'lon': -68.3, 'lat': -54.8}","[{'id': 801, 'main': 'Clouds', 'description': 'few clouds', 'icon': '02n'}]",stations,"{'temp': 46.4, 'feels_like': 34.05, 'temp_min': 46.4, 'temp_max': 46.4, 'pressure': 982, 'humidity': 42}",10000.0,"{'speed': 13.87, 'deg': 320}",{'all': 20},1603770808.0,"{'type': 1, 'id': 8303, 'country': 'AR', 'sunrise': 1603788854, 'sunset': 1603841976}",-10800.0,3833367.0,Ushuaia,200,,
44,"{'lon': -66.38, 'lat': 50.2}","[{'id': 600, 'main': 'Snow', 'description': 'light snow', 'icon': '13n'}]",stations,"{'temp': 30.65, 'feels_like': 19.08, 'temp_min': 30.2, 'temp_max': 30.99, 'pressure': 1019, 'humidity': 100}",1207.0,"{'speed': 13.87, 'deg': 140}",{'all': 90},1603770809.0,"{'type': 1, 'id': 1013, 'country': 'CA', 'sunrise': 1603710381, 'sunset': 1603746736}",-14400.0,6144312.0,Sept-Îles,200,,
45,"{'lon': -134.97, 'lat': -23.12}","[{'id': 500, 'main': 'Rain', 'description': 'light rain', 'icon': '10n'}]",stations,"{'temp': 75.54, 'feels_like': 75.22, 'temp_min': 75.54, 'temp_max': 75.54, 'pressure': 1017, 'humidity': 86, 'sea_level': 1017, 'grnd_level': 1014}",10000.0,"{'speed': 15.08, 'deg': 352}",{'all': 100},1603770757.0,"{'country': 'PF', 'sunrise': 1603721868, 'sunset': 1603768170}",-32400.0,4030556.0,Rikitea,200,{'1h': 0.18},
46,"{'lon': 6.61, 'lat': 36.37}","[{'id': 802, 'main': 'Clouds', 'description': 'scattered clouds', 'icon': '03n'}]",stations,"{'temp': 48.2, 'feels_like': 42.26, 'temp_min': 48.2, 'temp_max': 48.2, 'pressure': 1018, 'humidity': 76}",10000.0,"{'speed': 6.93, 'deg': 270}",{'all': 40},1603770613.0,"{'type': 1, 'id': 1074, 'country': 'DZ', 'sunrise': 1603777916, 'sunset': 1603816959}",3600.0,2501152.0,Constantine,200,,
47,"{'lon': -68.3, 'lat': -54.8}","[{'id': 801, 'main': 'Clouds', 'description': 'few clouds', 'icon': '02n'}]",stations,"{'temp': 46.4, 'feels_like': 34.05, 'temp_min': 46.4, 'temp_max': 46.4, 'pressure': 982, 'humidity': 42}",10000.0,"{'speed': 13.87, 'deg': 320}",{'all': 20},1603770808.0,"{'type': 1, 'id': 8303, 'country': 'AR', 'sunrise': 1603788854, 'sunset': 1603841976}",-10800.0,3833367.0,Ushuaia,200,,
48,"{'lon': 170.31, 'lat': 69.7}","[{'id': 804, 'main': 'Clouds', 'description': 'overcast clouds', 'icon': '04d'}]",stations,"{'temp': 20.59, 'feels_like': 3.85, 'temp_min': 20.59, 'temp_max': 20.59, 'pressure': 1021, 'humidity': 94, 'sea_level': 1021, 'grnd_level': 1015}",4163.0,"{'speed': 20.71, 'deg': 274}",{'all': 94},1603770814.0,"{'country': 'RU', 'sunrise': 1603744892, 'sunset': 1603771410}",43200.0,2122090.0,Pevek,200,,
49,"{'lon': 115.33, 'lat': -33.65}","[{'id': 803, 'main': 'Clouds', 'description': 'broken clouds', 'icon': '04d'}]",stations,"{'temp': 68, 'feels_like': 61.81, 'temp_min': 68, 'temp_max': 68, 'pressure': 1012, 'humidity': 56}",10000.0,"{'speed': 11.99, 'deg': 300, 'gust': 21}",{'all': 82},1603770765.0,"{'type': 3, 'id': 2003721, 'country': 'AU', 'sunrise': 1603747405, 'sunset': 1603795286}",28800.0,2075265.0,Busselton,200,,
50,"{'lon': -5.72, 'lat': -15.94}","[{'id': 804, 'main': 'Clouds', 'description': 'overcast clouds', 'icon': '04n'}]",stations,"{'temp': 61.03, 'feels_like': 54.09, 'temp_min': 61.03, 'temp_max': 61.03, 'pressure': 1013, 'humidity': 97, 'sea_level': 1013, 'grnd_level': 967}",10000.0,"{'speed': 18.25, 'deg': 127}",{'all': 97},1603770759.0,"{'country': 'SH', 'sunrise': 1603777680, 'sunset': 1603823112}",0.0,3370903.0,Jamestown,200,,
51,"{'lon': -175.2, 'lat': -21.2}","[{'id': 802, 'main': 'Clouds', 'description': 'scattered clouds', 'icon': '03n'}]",stations,"{'temp': 77, 'feels_like': 79.27, 'temp_min': 77, 'temp_max': 77, 'pressure': 1012, 'humidity': 78}",10000.0,"{'speed': 9.17, 'deg': 110}",{'all': 40},1603770766.0,"{'type': 1, 'id': 7285, 'country': 'TO', 'sunrise': 1603818006, 'sunset': 1603864132}",46800.0,4032243.0,Vaini,200,,
52,"{'lon': 117.43, 'lat': 49.6}","[{'id': 800, 'main': 'Clear', 'description': 'clear sky', 'icon': '01d'}]",stations,"{'temp': 30.92, 'feels_like': 14.23, 'temp_min': 30.92, 'temp_max': 30.92, 'pressure': 1022, 'humidity': 79, 'sea_level': 1022, 'grnd_level': 943}",10000.0,"{'speed': 21.7, 'deg': 297}",{'all': 0},1603770818.0,"{'country': 'CN', 'sunrise': 1603752639, 'sunset': 1603789045}",28800.0,2035836.0,Manzhouli,200,,
53,"{'lon': 147.06, 'lat': -42.78}","[{'id': 803, 'main': 'Clouds', 'description': 'broken clouds', 'icon': '04d'}]",stations,"{'temp': 56.66, 'feels_like': 52.52, 'temp_min': 54, 'temp_max': 59, 'pressure': 1029, 'humidity': 51}",10000.0,"{'speed': 3, 'deg': 62, 'gust': 5.99}",{'all': 77},1603770776.0,"{'type': 3, 'id': 2031307, 'country': 'AU', 'sunrise': 1603738934, 'sunset': 1603788528}",39600.0,2155415.0,New Norfolk,200,,
54,,,,,,,,,,,,,404,,city not found
55,"{'lon': -68.3, 'lat': -54.8}","[{'id': 801, 'main': 'Clouds', 'description': 'few clouds', 'icon': '02n'}]",stations,"{'temp': 46.4, 'feels_like': 34.05, 'temp_min': 46.4, 'temp_max': 46.4, 'pressure': 982, 'humidity': 42}",10000.0,"{'speed': 13.87, 'deg': 320}",{'all': 20},1603770808.0,"{'type': 1, 'id': 8303, 'country': 'AR', 'sunrise': 1603788854, 'sunset': 1603841976}",-10800.0,3833367.0,Ushuaia,200,,
56,"{'lon': 117.89, 'lat': -35.02}","[{'id': 803, 'main': 'Clouds', 'description': 'broken clouds', 'icon': '04d'}]",stations,"{'temp': 73.4, 'feels_like': 64.78, 'temp_min': 73.4, 'temp_max': 73.4, 'pressure': 1010, 'humidity': 46}",10000.0,"{'speed': 16.11, 'deg': 280}",{'all': 75},1603770823.0,"{'type': 1, 'id': 9484, 'country': 'AU', 'sunrise': 1603746676, 'sunset': 1603794787}",28800.0,2077963.0,Albany,200,,
57,"{'lon': 140.83, 'lat': 35.73}","[{'id': 803, 'main': 'Clouds', 'description': 'broken clouds', 'icon': '04d'}]",stations,"{'temp': 67.08, 'feels_like': 59.05, 'temp_min': 66.2, 'temp_max': 68, 'pressure': 1018, 'humidity': 52}",10000.0,"{'speed': 13.87, 'deg': 40}",{'all': 75},1603770824.0,"{'type': 1, 'id': 7955, 'country': 'JP', 'sunrise': 1603745629, 'sunset': 1603784823}",32400.0,2112802.0,Hasaki,200,,
58,"{'lon': 80.55, 'lat': 73.51}","[{'id': 803, 'main': 'Clouds', 'description': 'broken clouds', 'icon': '04d'}]",stations,"{'temp': 10.6, 'feels_like': -5.22, 'temp_min': 10.6, 'temp_max': 10.6, 'pressure': 1028, 'humidity': 95, 'sea_level': 1028, 'grnd_level': 1022}",3448.0,"{'speed': 17.78, 'deg': 196}",{'all': 84},1603770819.0,"{'country': 'RU', 'sunrise': 1603769120, 'sunset': 1603790265}",25200.0,1507390.0,Dikson,200,,
59,"{'lon': 168.33, 'lat': -46.6}","[{'id': 801, 'main': 'Clouds', 'description': 'few clouds', 'icon': '02d'}]",stations,"{'temp': 57, 'feels_like': 52.07, 'temp_min': 57, 'temp_max': 57, 'pressure': 1030, 'humidity': 66}",10000.0,"{'speed': 7, 'deg': 97, 'gust': 15.01}",{'all': 15},1603770798.0,"{'type': 3, 'id': 2008959, 'country': 'NZ', 'sunrise': 1603733390, 'sunset': 1603783863}",46800.0,2206939.0,Bluff,200,,
60,"{'lon': 24.66, 'lat': 71}","[{'id': 804, 'main': 'Clouds', 'description': 'overcast clouds', 'icon': '04n'}]",stations,"{'temp': 35.6, 'feels_like': 25.07, 'temp_min': 35.6, 'temp_max': 35.6, 'pressure': 995, 'humidity': 74}",10000.0,"{'speed': 11.41, 'deg': 210}",{'all': 97},1603770828.0,"{'type': 1, 'id': 1632, 'country': 'NO', 'sunrise': 1603780702, 'sunset': 1603805509}",3600.0,779622.0,Havøysund,200,,
61,"{'lon': -42.03, 'lat': -22.97}","[{'id': 800, 'main': 'Clear', 'description': 'clear sky', 'icon': '01n'}]",stations,"{'temp': 71.92, 'feels_like': 72.63, 'temp_min': 71.92, 'temp_max': 71.92, 'pressure': 1010, 'humidity': 88, 'sea_level': 1010, 'grnd_level': 1009}",10000.0,"{'speed': 10.71, 'deg': 76}",{'all': 5},1603770576.0,"{'country': 'BR', 'sunrise': 1603785942, 'sunset': 1603832278}",-10800.0,3471451.0,Arraial do Cabo,200,,
62,"{'lon': 24.73, 'lat': -34}","[{'id': 800, 'main': 'Clear', 'description': 'clear sky', 'icon': '01d'}]",stations,"{'temp': 64, 'feels_like': 67.21, 'temp_min': 64, 'temp_max': 64, 'pressure': 1010, 'humidity': 91}",10000.0,"{'speed': 1.01, 'deg': 113, 'gust': 5.99}",{'all': 1},1603770801.0,"{'type': 3, 'id': 2035063, 'country': 'ZA', 'sunrise': 1603769104, 'sunset': 1603817073}",7200.0,986717.0,Kruisfontein,200,,
63,,,,,,,,,,,,,404,,city not found
64,"{'lon': -64.78, 'lat': 32.29}","[{'id': 803, 'main': 'Clouds', 'description': 'broken clouds', 'icon': '04n'}]",stations,"{'temp': 75.52, 'feels_like': 75.6, 'temp_min': 75, 'temp_max': 77, 'pressure': 1020, 'humidity': 88}",10000.0,"{'speed': 14.99, 'deg': 210}",{'all': 75},1603770833.0,"{'type': 1, 'id': 8816, 'country': 'BM', 'sunrise': 1603794738, 'sunset': 1603834402}",-10800.0,3573197.0,Hamilton,200,,
65,"{'lon': 147.33, 'lat': -42.88}","[{'id': 803, 'main': 'Clouds', 'description': 'broken clouds', 'icon': '04d'}]",stations,"{'temp': 57.6, 'feels_like': 49.55, 'temp_min': 55.4, 'temp_max': 59, 'pressure': 1031, 'humidity': 58}",10000.0,"{'speed': 11.41, 'deg': 130}",{'all': 75},1603770802.0,"{'type': 1, 'id': 9545, 'country': 'AU', 'sunrise': 1603738858, 'sunset': 1603788474}",39600.0,2163355.0,Hobart,200,,
66,"{'lon': -68.3, 'lat': -54.8}","[{'id': 801, 'main': 'Clouds', 'description': 'few clouds', 'icon': '02n'}]",stations,"{'temp': 46.4, 'feels_like': 34.05, 'temp_min': 46.4, 'temp_max': 46.4, 'pressure': 982, 'humidity': 42}",10000.0,"{'speed': 13.87, 'deg': 320}",{'all': 20},1603770808.0,"{'type': 1, 'id': 8303, 'country': 'AR', 'sunrise': 1603788854, 'sunset': 1603841976}",-10800.0,3833367.0,Ushuaia,200,,
67,"{'lon': 15.64, 'lat': 78.22}","[{'id': 803, 'main': 'Clouds', 'description': 'broken clouds', 'icon': '04n'}]",stations,"{'temp': 28.4, 'feels_like': 19.99, 'temp_min': 28.4, 'temp_max': 28.4, 'pressure': 998, 'humidity': 86}",10000.0,"{'speed': 6.93, 'deg': 100}",{'all': 75},1603770836.0,"{'type': 1, 'id': 1663, 'country': 'SJ', 'sunrise': 0, 'sunset': 0}",3600.0,2729907.0,Longyearbyen,200,,
68,"{'lon': 84.01, 'lat': 24.95}","[{'id': 800, 'main': 'Clear', 'description': 'clear sky', 'icon': '01d'}]",stations,"{'temp': 80.22, 'feels_like': 79.77, 'temp_min': 80.22, 'temp_max': 80.22, 'pressure': 1013, 'humidity': 38, 'sea_level': 1013, 'grnd_level': 1001}",10000.0,"{'speed': 2.08, 'deg': 277}",{'all': 0},1603770837.0,"{'country': 'IN', 'sunrise': 1603758498, 'sunset': 1603799226}",19800.0,1273309.0,Sasaram,200,,
69,"{'lon': -159.32, 'lat': 22.08}","[{'id': 804, 'main': 'Clouds', 'description': 'overcast clouds', 'icon': '04d'}]",stations,"{'temp': 73.4, 'feels_like': 76.95, 'temp_min': 73.4, 'temp_max': 73.4, 'pressure': 1013, 'humidity': 88}",10000.0,"{'speed': 6.93, 'deg': 310}",{'all': 90},1603770838.0,"{'type': 1, 'id': 7873, 'country': 'US', 'sunrise': 1603730305, 'sunset': 1603771421}",-36000.0,5848280.0,Kapaa,200,,
70,"{'lon': -101.22, 'lat': 21.48}","[{'id': 800, 'main': 'Clear', 'description': 'clear sky', 'icon': '01n'}]",stations,"{'temp': 60.8, 'feels_like': 55.06, 'temp_min': 60.8, 'temp_max': 60.8, 'pressure': 1021, 'humidity': 38}",10000.0,"{'speed': 4.7, 'deg': 10}",{'all': 5},1603770713.0,"{'type': 1, 'id': 7133, 'country': 'MX', 'sunrise': 1603716320, 'sunset': 1603757520}",-21600.0,3987246.0,San Felipe,200,,
71,"{'lon': -159.32, 'lat': 22.08}","[{'id': 804, 'main': 'Clouds', 'description': 'overcast clouds', 'icon': '04d'}]",stations,"{'temp': 73.4, 'feels_like': 76.95, 'temp_min': 73.4, 'temp_max': 73.4, 'pressure': 1013, 'humidity': 88}",10000.0,"{'speed': 6.93, 'deg': 310}",{'all': 90},1603770838.0,"{'type': 1, 'id': 7873, 'country': 'US', 'sunrise': 1603730305, 'sunset': 1603771421}",-36000.0,5848280.0,Kapaa,200,,
72,"{'lon': 100.35, 'lat': -0.95}","[{'id': 501, 'main': 'Rain', 'description': 'moderate rain', 'icon': '10d'}]",stations,"{'temp': 85.46, 'feels_like': 90.07, 'temp_min': 85.46, 'temp_max': 85.46, 'pressure': 1011, 'humidity': 58, 'sea_level': 1011, 'grnd_level': 1011}",10000.0,"{'speed': 4.45, 'deg': 268}",{'all': 78},1603770714.0,"{'country': 'ID', 'sunrise': 1603753084, 'sunset': 1603796797}",25200.0,1633419.0,Padang,200,{'1h': 2.7148},
73,"{'lon': 140.3, 'lat': 35.13}","[{'id': 803, 'main': 'Clouds', 'description': 'broken clouds', 'icon': '04d'}]",stations,"{'temp': 66.49, 'feels_like': 61.14, 'temp_min': 66, 'temp_max': 66.99, 'pressure': 1018, 'humidity': 63}",10000.0,"{'speed': 11.41, 'deg': 50}",{'all': 75},1603770843.0,"{'type': 1, 'id': 8074, 'country': 'JP', 'sunrise': 1603745708, 'sunset': 1603784998}",32400.0,2112309.0,Katsuura,200,,
74,"{'lon': 97.2, 'lat': 40.28}","[{'id': 804, 'main': 'Clouds', 'description': 'overcast clouds', 'icon': '04d'}]",stations,"{'temp': 48.45, 'feels_like': 35.98, 'temp_min': 48.45, 'temp_max': 48.45, 'pressure': 1026, 'humidity': 41, 'sea_level': 1026, 'grnd_level': 862}",10000.0,"{'speed': 14.36, 'deg': 283}",{'all': 100},1603770844.0,"{'country': 'CN', 'sunrise': 1603756498, 'sunset': 1603794896}",28800.0,1528998.0,Yumen,200,,
75,"{'lon': -3.92, 'lat': 50.39}","[{'id': 501, 'main': 'Rain', 'description': 'moderate rain', 'icon': '10n'}]",stations,"{'temp': 50.04, 'feels_like': 47.86, 'temp_min': 48.99, 'temp_max': 51.01, 'pressure': 998, 'humidity': 92}",10000.0,"{'speed': 3, 'deg': 207, 'gust': 11.01}",{'all': 100},1603770846.0,"{'type': 3, 'id': 2009927, 'country': 'GB', 'sunrise': 1603781899, 'sunset': 1603818029}",0.0,2645988.0,Ivybridge,200,{'1h': 3.26},
76,"{'lon': -151.75, 'lat': -16.48}","[{'id': 500, 'main': 'Rain', 'description': 'light rain', 'icon': '10d'}]",stations,"{'temp': 80.62, 'feels_like': 79.97, 'temp_min': 80.62, 'temp_max': 80.62, 'pressure': 1011, 'humidity': 78, 'sea_level': 1011, 'grnd_level': 1002}",10000.0,"{'speed': 17.6, 'deg': 345}",{'all': 100},1603770847.0,"{'country': 'PF', 'sunrise': 1603726312, 'sunset': 1603771780}",-36000.0,4034551.0,Faanui,200,{'1h': 0.53},
77,"{'lon': -90.35, 'lat': -0.74}","[{'id': 803, 'main': 'Clouds', 'description': 'broken clouds', 'icon': '04n'}]",stations,"{'temp': 68, 'feels_like': 72.99, 'temp_min': 68, 'temp_max': 68, 'pressure': 1014, 'humidity': 92}",10000.0,"{'speed': 1.01, 'deg': 145, 'gust': 1.99}",{'all': 55},1603770848.0,"{'type': 3, 'id': 2005652, 'country': 'EC', 'sunrise': 1603712467, 'sunset': 1603756155}",-21600.0,3652764.0,Puerto Ayora,200,,
78,"{'lon': -169.92, 'lat': -19.06}","[{'id': 803, 'main': 'Clouds', 'description': 'broken clouds', 'icon': '04d'}]",stations,"{'temp': 77, 'feels_like': 74.1, 'temp_min': 77, 'temp_max': 77, 'pressure': 1007, 'humidity': 78}",10000.0,"{'speed': 18.34, 'deg': 100}",{'all': 54},1603770849.0,"{'type': 1, 'id': 7306, 'country': 'NU', 'sunrise': 1603730513, 'sunset': 1603776300}",-39600.0,4036284.0,Alofi,200,,
79,"{'lon': -134.97, 'lat': -23.12}","[{'id': 500, 'main': 'Rain', 'description': 'light rain', 'icon': '10n'}]",stations,"{'temp': 75.54, 'feels_like': 75.22, 'temp_min': 75.54, 'temp_max': 75.54, 'pressure': 1017, 'humidity': 86, 'sea_level': 1017, 'grnd_level': 1014}",10000.0,"{'speed': 15.08, 'deg': 352}",{'all': 100},1603770757.0,"{'country': 'PF', 'sunrise': 1603721868, 'sunset': 1603768170}",-32400.0,4030556.0,Rikitea,200,{'1h': 0.18},
80,,,,,,,,,,,,,404,,city not found
81,"{'lon': -57.56, 'lat': -38}","[{'id': 800, 'main': 'Clear', 'description': 'clear sky', 'icon': '01n'}]",stations,"{'temp': 52.59, 'feels_like': 49.08, 'temp_min': 48.2, 'temp_max': 55, 'pressure': 1013, 'humidity': 87}",10000.0,"{'speed': 5.82, 'deg': 350}",{'all': 0},1603770636.0,"{'type': 1, 'id': 8305, 'country': 'AR', 'sunrise': 1603788481, 'sunset': 1603837193}",-10800.0,3430863.0,Mar del Plata,200,,
82,"{'lon': -104.7, 'lat': 19.22}","[{'id': 803, 'main': 'Clouds', 'description': 'broken clouds', 'icon': '04n'}]",stations,"{'temp': 79.41, 'feels_like': 86.74, 'temp_min': 79.41, 'temp_max': 79.41, 'pressure': 1012, 'humidity': 87, 'sea_level': 1012, 'grnd_level': 1011}",10000.0,"{'speed': 5.57, 'deg': 309}",{'all': 59},1603770854.0,"{'country': 'MX', 'sunrise': 1603717019, 'sunset': 1603758491}",-21600.0,3985168.0,San Patricio,200,,
83,"{'lon': -134.97, 'lat': -23.12}","[{'id': 500, 'main': 'Rain', 'description': 'light rain', 'icon': '10n'}]",stations,"{'temp': 75.54, 'feels_like': 75.22, 'temp_min': 75.54, 'temp_max': 75.54, 'pressure': 1017, 'humidity': 86, 'sea_level': 1017, 'grnd_level': 1014}",10000.0,"{'speed': 15.08, 'deg': 352}",{'all': 100},1603770757.0,"{'country': 'PF', 'sunrise': 1603721868, 'sunset': 1603768170}",-32400.0,4030556.0,Rikitea,200,{'1h': 0.18},
84,"{'lon': -134.97, 'lat': -23.12}","[{'id': 500, 'main': 'Rain', 'description': 'light rain', 'icon': '10n'}]",stations,"{'temp': 75.54, 'feels_like': 75.22, 'temp_min': 75.54, 'temp_max': 75.54, 'pressure': 1017, 'humidity': 86, 'sea_level': 1017, 'grnd_level': 1014}",10000.0,"{'speed': 15.08, 'deg': 352}",{'all': 100},1603770757.0,"{'country': 'PF', 'sunrise': 1603721868, 'sunset': 1603768170}",-32400.0,4030556.0,Rikitea,200,{'1h': 0.18},
85,"{'lon': -133.04, 'lat': 69.45}","[{'id': 801, 'main': 'Clouds', 'description': 'few clouds', 'icon': '02n'}]",stations,"{'temp': 10.4, 'feels_like': -2.85, 'temp_min': 10.4, 'temp_max': 10.4, 'pressure': 1008, 'humidity': 78}",10000.0,"{'speed': 12.75, 'deg': 120}",{'all': 20},1603770769.0,"{'type': 1, 'id': 942, 'country': 'CA', 'sunrise': 1603731127, 'sunset': 1603757986}",-21600.0,6170031.0,Tuktoyaktuk,200,,
86,"{'lon': 20.04, 'lat': -34.53}","[{'id': 802, 'main': 'Clouds', 'description': 'scattered clouds', 'icon': '03d'}]",stations,"{'temp': 62.6, 'feels_like': 64.81, 'temp_min': 62.6, 'temp_max': 62.6, 'pressure': 1010, 'humidity': 93}",10000.0,"{'speed': 2.24, 'deg': 80}",{'all': 40},1603770859.0,"{'type': 1, 'id': 1966, 'country': 'ZA', 'sunrise': 1603770184, 'sunset': 1603818244}",7200.0,1015776.0,Bredasdorp,200,,
87,"{'lon': 112.56, 'lat': 59.45}","[{'id': 804, 'main': 'Clouds', 'description': 'overcast clouds', 'icon': '04d'}]",stations,"{'temp': 24.58, 'feels_like': 18.68, 'temp_min': 24.58, 'temp_max': 24.58, 'pressure': 1029, 'humidity': 93, 'sea_level': 1029, 'grnd_level': 1003}",10000.0,"{'speed': 2.1, 'deg': 146}",{'all': 98},1603770860.0,"{'country': 'RU', 'sunrise': 1603755424, 'sunset': 1603788597}",32400.0,2013375.0,Vitim,200,,
88,"{'lon': -27.98, 'lat': 39.05}","[{'id': 804, 'main': 'Clouds', 'description': 'overcast clouds', 'icon': '04n'}]",stations,"{'temp': 67.05, 'feels_like': 62.96, 'temp_min': 67.05, 'temp_max': 67.05, 'pressure': 1022, 'humidity': 84, 'sea_level': 1022, 'grnd_level': 1016}",10000.0,"{'speed': 14.45, 'deg': 318}",{'all': 98},1603770766.0,"{'country': 'PT', 'sunrise': 1603786453, 'sunset': 1603825024}",-3600.0,3372964.0,Lagoa,200,,
89,"{'lon': -65.71, 'lat': 66.15}","[{'id': 800, 'main': 'Clear', 'description': 'clear sky', 'icon': '01n'}]",stations,"{'temp': 7.02, 'feels_like': -2.9, 'temp_min': 7.02, 'temp_max': 7.02, 'pressure': 1006, 'humidity': 82, 'sea_level': 1006, 'grnd_level': 1006}",10000.0,"{'speed': 6.64, 'deg': 22}",{'all': 2},1603770862.0,"{'country': 'CA', 'sunrise': 1603713545, 'sunset': 1603743250}",-14400.0,6096551.0,Pangnirtung,200,,
90,"{'lon': -90.35, 'lat': -0.74}","[{'id': 803, 'main': 'Clouds', 'description': 'broken clouds', 'icon': '04n'}]",stations,"{'temp': 68, 'feels_like': 72.99, 'temp_min': 68, 'temp_max': 68, 'pressure': 1014, 'humidity': 92}",10000.0,"{'speed': 1.01, 'deg': 145, 'gust': 1.99}",{'all': 55},1603770848.0,"{'type': 3, 'id': 2005652, 'country': 'EC', 'sunrise': 1603712467, 'sunset': 1603756155}",-21600.0,3652764.0,Puerto Ayora,200,,
91,"{'lon': -134.97, 'lat': -23.12}","[{'id': 500, 'main': 'Rain', 'description': 'light rain', 'icon': '10n'}]",stations,"{'temp': 75.54, 'feels_like': 75.22, 'temp_min': 75.54, 'temp_max': 75.54, 'pressure': 1017, 'humidity': 86, 'sea_level': 1017, 'grnd_level': 1014}",10000.0,"{'speed': 15.08, 'deg': 352}",{'all': 100},1603770757.0,"{'country': 'PF', 'sunrise': 1603721868, 'sunset': 1603768170}",-32400.0,4030556.0,Rikitea,200,{'1h': 0.18},
92,"{'lon': -73.77, 'lat': -42.47}","[{'id': 520, 'main': 'Rain', 'description': 'light intensity shower rain', 'icon': '09n'}]",stations,"{'temp': 42.1, 'feels_like': 36.01, 'temp_min': 37, 'temp_max': 46, 'pressure': 1010, 'humidity': 93}",9000.0,"{'speed': 6.93, 'deg': 360}",{'all': 75},1603770866.0,"{'type': 1, 'id': 8512, 'country': 'CL', 'sunrise': 1603791914, 'sunset': 1603841540}",-10800.0,3896218.0,Castro,200,,
93,"{'lon': 55.41, 'lat': 31.61}","[{'id': 800, 'main': 'Clear', 'description': 'clear sky', 'icon': '01d'}]",stations,"{'temp': 65.3, 'feels_like': 60.22, 'temp_min': 65.3, 'temp_max': 65.3, 'pressure': 1019, 'humidity': 23, 'sea_level': 1019, 'grnd_level': 908}",10000.0,"{'speed': 1.39, 'deg': 181}",{'all': 0},1603770867.0,"{'country': 'IR', 'sunrise': 1603765825, 'sunset': 1603805626}",12600.0,142255.0,Bāfq,200,,
94,"{'lon': 102.5, 'lat': 71.97}","[{'id': 804, 'main': 'Clouds', 'description': 'overcast clouds', 'icon': '04d'}]",stations,"{'temp': 3.18, 'feels_like': -8.55, 'temp_min': 3.18, 'temp_max': 3.18, 'pressure': 1029, 'humidity': 94, 'sea_level': 1029, 'grnd_level': 1025}",960.0,"{'speed': 9.8, 'deg': 224}",{'all': 88},1603770869.0,"{'country': 'RU', 'sunrise': 1603762592, 'sunset': 1603786257}",25200.0,2022572.0,Khatanga,200,,
95,"{'lon': 17.69, 'lat': -14.66}","[{'id': 802, 'main': 'Clouds', 'description': 'scattered clouds', 'icon': '03n'}]",stations,"{'temp': 64.63, 'feels_like': 61.21, 'temp_min': 64.63, 'temp_max': 64.63, 'pressure': 1010, 'humidity': 51, 'sea_level': 1010, 'grnd_level': 864}",10000.0,"{'speed': 4.45, 'deg': 310}",{'all': 25},1603770870.0,"{'country': 'AO', 'sunrise': 1603772141, 'sunset': 1603817415}",3600.0,3347353.0,Menongue,200,,
96,"{'lon': -63, 'lat': -40.81}","[{'id': 804, 'main': 'Clouds', 'description': 'overcast clouds', 'icon': '04n'}]",stations,"{'temp': 64.51, 'feels_like': 57.96, 'temp_min': 64.51, 'temp_max': 64.51, 'pressure': 1004, 'humidity': 28, 'sea_level': 1004, 'grnd_level': 1003}",10000.0,"{'speed': 4.94, 'deg': 319}",{'all': 100},1603770871.0,"{'country': 'AR', 'sunrise': 1603789508, 'sunset': 1603838777}",-10800.0,3832899.0,Viedma,200,,
97,"{'lon': -133.04, 'lat': 69.45}","[{'id': 801, 'main': 'Clouds', 'description': 'few clouds', 'icon': '02n'}]",stations,"{'temp': 10.4, 'feels_like': -2.85, 'temp_min': 10.4, 'temp_max': 10.4, 'pressure': 1008, 'humidity': 78}",10000.0,"{'speed': 12.75, 'deg': 120}",{'all': 20},1603770769.0,"{'type': 1, 'id': 942, 'country': 'CA', 'sunrise': 1603731127, 'sunset': 1603757986}",-21600.0,6170031.0,Tuktoyaktuk,200,,
98,"{'lon': 134.53, 'lat': 60.42}","[{'id': 804, 'main': 'Clouds', 'description': 'overcast clouds', 'icon': '04d'}]",stations,"{'temp': 21.69, 'feels_like': 15.26, 'temp_min': 21.69, 'temp_max': 21.69, 'pressure': 1022, 'humidity': 90, 'sea_level': 1022, 'grnd_level': 1000}",10000.0,"{'speed': 2.39, 'deg': 228}",{'all': 96},1603770873.0,"{'country': 'RU', 'sunrise': 1603750355, 'sunset': 1603783121}",32400.0,2013918.0,Ust-Maya,200,,
99,"{'lon': -68.3, 'lat': -54.8}","[{'id': 801, 'main': 'Clouds', 'description': 'few clouds', 'icon': '02n'}]",stations,"{'temp': 46.4, 'feels_like': 34.05, 'temp_min': 46.4, 'temp_max': 46.4, 'pressure': 982, 'humidity': 42}",10000.0,"{'speed': 13.87, 'deg': 320}",{'all': 20},1603770808.0,"{'type': 1, 'id': 8303, 'country': 'AR', 'sunrise': 1603788854, 'sunset': 1603841976}",-10800.0,3833367.0,Ushuaia,200,,
100,"{'lon': -124.16, 'lat': 40.6}","[{'id': 800, 'main': 'Clear', 'description': 'clear sky', 'icon': '01n'}]",stations,"{'temp': 47.3, 'feels_like': 42.46, 'temp_min': 46, 'temp_max': 48.2, 'pressure': 1024, 'humidity': 76}",10000.0,"{'speed': 4.7, 'deg': 13}",{'all': 1},1603770876.0,"{'type': 1, 'id': 4127, 'country': 'US', 'sunrise': 1603723227, 'sunset': 1603761623}",-25200.0,5563839.0,Fortuna,200,,
101,"{'lon': 25.57, 'lat': -33.92}","[{'id': 801, 'main': 'Clouds', 'description': 'few clouds', 'icon': '02d'}]",stations,"{'temp': 64.4, 'feels_like': 61.39, 'temp_min': 64.4, 'temp_max': 64.4, 'pressure': 1010, 'humidity': 93}",10000.0,"{'speed': 12.75, 'deg': 70}",{'all': 20},1603770762.0,"{'type': 1, 'id': 1973, 'country': 'ZA', 'sunrise': 1603768909, 'sunset': 1603816865}",7200.0,964420.0,Port Elizabeth,200,,
102,"{'lon': -135.33, 'lat': 57.05}","[{'id': 500, 'main': 'Rain', 'description': 'light rain', 'icon': '10n'}]",stations,"{'temp': 50, 'feels_like': 39.63, 'temp_min': 50, 'temp_max': 50, 'pressure': 1013, 'humidity': 81}",6437.0,"{'speed': 16.11, 'deg': 250, 'gust': 25.28}",{'all': 90},1603770878.0,"{'type': 1, 'id': 7795, 'country': 'US', 'sunrise': 1603727999, 'sunset': 1603762212}",-28800.0,5557293.0,Sitka,200,,
103,,,,,,,,,,,,,404,,city not found
104,"{'lon': 113.63, 'lat': -24.87}","[{'id': 800, 'main': 'Clear', 'description': 'clear sky', 'icon': '01d'}]",stations,"{'temp': 78.8, 'feels_like': 68.74, 'temp_min': 78.8, 'temp_max': 78.8, 'pressure': 1011, 'humidity': 54}",10000.0,"{'speed': 24.16, 'deg': 190}",{'all': 0},1603770881.0,"{'type': 1, 'id': 9505, 'country': 'AU', 'sunrise': 1603748473, 'sunset': 1603795034}",28800.0,2074865.0,Carnarvon,200,,
105,"{'lon': -134.97, 'lat': -23.12}","[{'id': 500, 'main': 'Rain', 'description': 'light rain', 'icon': '10n'}]",stations,"{'temp': 75.54, 'feels_like': 75.22, 'temp_min': 75.54, 'temp_max': 75.54, 'pressure': 1017, 'humidity': 86, 'sea_level': 1017, 'grnd_level': 1014}",10000.0,"{'speed': 15.08, 'deg': 352}",{'all': 100},1603770757.0,"{'country': 'PF', 'sunrise': 1603721868, 'sunset': 1603768170}",-32400.0,4030556.0,Rikitea,200,{'1h': 0.18},
106,"{'lon': 14.51, 'lat': -22.96}","[{'id': 800, 'main': 'Clear', 'description': 'clear sky', 'icon': '01n'}]",stations,"{'temp': 54.7, 'feels_like': 53.51, 'temp_min': 53.6, 'temp_max': 55.99, 'pressure': 1013, 'humidity': 100}",10000.0,"{'speed': 4.7, 'deg': 10}",{'all': 0},1603770678.0,"{'type': 1, 'id': 2288, 'country': 'NA', 'sunrise': 1603772380, 'sunset': 1603818703}",7200.0,3359638.0,Walvis Bay,200,,
107,"{'lon': -17.92, 'lat': 28.66}","[{'id': 800, 'main': 'Clear', 'description': 'clear sky', 'icon': '01n'}]",stations,"{'temp': 69.8, 'feels_like': 66.87, 'temp_min': 69.8, 'temp_max': 69.8, 'pressure': 1022, 'humidity': 64}",10000.0,"{'speed': 9.17, 'deg': 320}",{'all': 0},1603770884.0,"{'type': 1, 'id': 2377, 'country': 'ES', 'sunrise': 1603783222, 'sunset': 1603823426}",0.0,2514651.0,Los Llanos de Aridane,200,,
108,"{'lon': 113.63, 'lat': -24.87}","[{'id': 800, 'main': 'Clear', 'description': 'clear sky', 'icon': '01d'}]",stations,"{'temp': 78.8, 'feels_like': 68.74, 'temp_min': 78.8, 'temp_max': 78.8, 'pressure': 1011, 'humidity': 54}",10000.0,"{'speed': 24.16, 'deg': 190}",{'all': 0},1603770881.0,"{'type': 1, 'id': 9505, 'country': 'AU', 'sunrise': 1603748473, 'sunset': 1603795034}",28800.0,2074865.0,Carnarvon,200,,
109,"{'lon': 168.33, 'lat': -46.6}","[{'id': 801, 'main': 'Clouds', 'description': 'few clouds', 'icon': '02d'}]",stations,"{'temp': 57, 'feels_like': 52.07, 'temp_min': 57, 'temp_max': 57, 'pressure': 1030, 'humidity': 66}",10000.0,"{'speed': 7, 'deg': 97, 'gust': 15.01}",{'all': 15},1603770798.0,"{'type': 3, 'id': 2008959, 'country': 'NZ', 'sunrise': 1603733390, 'sunset': 1603783863}",46800.0,2206939.0,Bluff,200,,
110,"{'lon': 117.89, 'lat': -35.02}","[{'id': 803, 'main': 'Clouds', 'description': 'broken clouds', 'icon': '04d'}]",stations,"{'temp': 73.4, 'feels_like': 64.78, 'temp_min': 73.4, 'temp_max': 73.4, 'pressure': 1010, 'humidity': 46}",10000.0,"{'speed': 16.11, 'deg': 280}",{'all': 75},1603770823.0,"{'type': 1, 'id': 9484, 'country': 'AU', 'sunrise': 1603746676, 'sunset': 1603794787}",28800.0,2077963.0,Albany,200,,
111,"{'lon': -39.92, 'lat': -2.92}","[{'id': 801, 'main': 'Clouds', 'description': 'few clouds', 'icon': '02n'}]",stations,"{'temp': 77.63, 'feels_like': 80.85, 'temp_min': 77.63, 'temp_max': 77.63, 'pressure': 1010, 'humidity': 84, 'sea_level': 1010, 'grnd_level': 1007}",10000.0,"{'speed': 10.07, 'deg': 85}",{'all': 13},1603770889.0,"{'country': 'BR', 'sunrise': 1603786637, 'sunset': 1603830570}",-10800.0,3393692.0,Itarema,200,,
112,"{'lon': -50.21, 'lat': -30.18}","[{'id': 501, 'main': 'Rain', 'description': 'moderate rain', 'icon': '10n'}]",stations,"{'temp': 64.9, 'feels_like': 61.32, 'temp_min': 64.9, 'temp_max': 64.9, 'pressure': 1002, 'humidity': 93, 'sea_level': 1002, 'grnd_level': 1001}",10000.0,"{'speed': 14.12, 'deg': 258}",{'all': 100},1603770890.0,"{'country': 'BR', 'sunrise': 1603787385, 'sunset': 1603834761}",-10800.0,3466165.0,Cidreira,200,{'1h': 3.158},
113,"{'lon': -134.97, 'lat': -23.12}","[{'id': 500, 'main': 'Rain', 'description': 'light rain', 'icon': '10n'}]",stations,"{'temp': 75.54, 'feels_like': 75.22, 'temp_min': 75.54, 'temp_max': 75.54, 'pressure': 1017, 'humidity': 86, 'sea_level': 1017, 'grnd_level': 1014}",10000.0,"{'speed': 15.08, 'deg': 352}",{'all': 100},1603770757.0,"{'country': 'PF', 'sunrise': 1603721868, 'sunset': 1603768170}",-32400.0,4030556.0,Rikitea,200,{'1h': 0.18},
114,"{'lon': 85.85, 'lat': 19.8}","[{'id': 721, 'main': 'Haze', 'description': 'haze', 'icon': '50d'}]",stations,"{'temp': 77, 'feels_like': 82.09, 'temp_min': 77, 'temp_max': 77, 'pressure': 1011, 'humidity': 83}",5000.0,"{'speed': 5.82, 'deg': 320}",{'all': 5},1603770893.0,"{'type': 1, 'id': 9113, 'country': 'IN', 'sunrise': 1603757734, 'sunset': 1603799108}",19800.0,1259184.0,Puri,200,,
115,"{'lon': -89.92, 'lat': 35.93}","[{'id': 804, 'main': 'Clouds', 'description': 'overcast clouds', 'icon': '04n'}]",stations,"{'temp': 50.56, 'feels_like': 46.54, 'temp_min': 48.2, 'temp_max': 51.8, 'pressure': 1022, 'humidity': 87}",10000.0,"{'speed': 5.82, 'deg': 60}",{'all': 90},1603770894.0,"{'type': 1, 'id': 4374, 'country': 'US', 'sunrise': 1603714605, 'sunset': 1603753811}",-18000.0,4102412.0,Blytheville,200,,
116,"{'lon': -139.03, 'lat': -9.8}","[{'id': 802, 'main': 'Clouds', 'description': 'scattered clouds', 'icon': '03n'}]",stations,"{'temp': 78.87, 'feels_like': 73.67, 'temp_min': 78.87, 'temp_max': 78.87, 'pressure': 1013, 'humidity': 73, 'sea_level': 1013, 'grnd_level': 1011}",10000.0,"{'speed': 22.3, 'deg': 75}",{'all': 37},1603770787.0,"{'country': 'PF', 'sunrise': 1603723650, 'sunset': 1603768338}",-34200.0,4020109.0,Atuona,200,,
117,"{'lon': -96.47, 'lat': 15.74}","[{'id': 500, 'main': 'Rain', 'description': 'light rain', 'icon': '10n'}]",stations,"{'temp': 73.99, 'feels_like': 81, 'temp_min': 73.99, 'temp_max': 73.99, 'pressure': 1009, 'humidity': 95}",10000.0,"{'speed': 3.42, 'deg': 360}",{'all': 99},1603770896.0,"{'type': 3, 'id': 2005410, 'country': 'MX', 'sunrise': 1603714840, 'sunset': 1603756719}",-21600.0,3517970.0,Pochutla,200,{'1h': 0.31},
118,"{'lon': -5.02, 'lat': 5.14}","[{'id': 500, 'main': 'Rain', 'description': 'light rain', 'icon': '10n'}]",stations,"{'temp': 77.31, 'feels_like': 83.61, 'temp_min': 77.31, 'temp_max': 77.31, 'pressure': 1008, 'humidity': 87, 'sea_level': 1008, 'grnd_level': 1008}",10000.0,"{'speed': 5.3, 'deg': 229}",{'all': 95},1603770897.0,"{'country': 'CI', 'sunrise': 1603778707, 'sunset': 1603821749}",0.0,2288105.0,Grand-Lahou,200,{'1h': 0.98},
119,"{'lon': -134.97, 'lat': -23.12}","[{'id': 500, 'main': 'Rain', 'description': 'light rain', 'icon': '10n'}]",stations,"{'temp': 75.54, 'feels_like': 75.22, 'temp_min': 75.54, 'temp_max': 75.54, 'pressure': 1017, 'humidity': 86, 'sea_level': 1017, 'grnd_level': 1014}",10000.0,"{'speed': 15.08, 'deg': 352}",{'all': 100},1603770757.0,"{'country': 'PF', 'sunrise': 1603721868, 'sunset': 1603768170}",-32400.0,4030556.0,Rikitea,200,{'1h': 0.18},
120,"{'lon': 10.1, 'lat': 0.19}","[{'id': 500, 'main': 'Rain', 'description': 'light rain', 'icon': '10n'}]",stations,"{'temp': 74.52, 'feels_like': 83.12, 'temp_min': 74.52, 'temp_max': 74.52, 'pressure': 1010, 'humidity': 95, 'sea_level': 1010, 'grnd_level': 1008}",10000.0,"{'speed': 1.07, 'deg': 115}",{'all': 100},1603770900.0,"{'country': 'GA', 'sunrise': 1603774806, 'sunset': 1603818394}",3600.0,2400682.0,Kango,200,{'1h': 0.22},
121,"{'lon': -46.03, 'lat': 60.72}","[{'id': 804, 'main': 'Clouds', 'description': 'overcast clouds', 'icon': '04n'}]",stations,"{'temp': 33.8, 'feels_like': 22.12, 'temp_min': 33.8, 'temp_max': 33.8, 'pressure': 992, 'humidity': 50}",10000.0,"{'speed': 11.41, 'deg': 210}",{'all': 93},1603770901.0,"{'type': 1, 'id': 47, 'country': 'GL', 'sunrise': 1603793838, 'sunset': 1603826302}",-10800.0,3420846.0,Qaqortoq,200,,
122,,,,,,,,,,,,,404,,city not found
123,"{'lon': 20.04, 'lat': -34.53}","[{'id': 802, 'main': 'Clouds', 'description': 'scattered clouds', 'icon': '03d'}]",stations,"{'temp': 62.6, 'feels_like': 64.81, 'temp_min': 62.6, 'temp_max': 62.6, 'pressure': 1010, 'humidity': 93}",10000.0,"{'speed': 2.24, 'deg': 80}",{'all': 40},1603770859.0,"{'type': 1, 'id': 1966, 'country': 'ZA', 'sunrise': 1603770184, 'sunset': 1603818244}",7200.0,1015776.0,Bredasdorp,200,,
124,"{'lon': 150.18, 'lat': -35.72}","[{'id': 803, 'main': 'Clouds', 'description': 'broken clouds', 'icon': '04d'}]",stations,"{'temp': 57.4, 'feels_like': 56.34, 'temp_min': 55.99, 'temp_max': 60.01, 'pressure': 944, 'humidity': 82}",10000.0,"{'speed': 3, 'deg': 180, 'gust': 8.99}",{'all': 84},1603770904.0,"{'type': 3, 'id': 2033442, 'country': 'AU', 'sunrise': 1603738871, 'sunset': 1603787093}",39600.0,2176639.0,Batemans Bay,200,,
125,"{'lon': -73.77, 'lat': -42.47}","[{'id': 520, 'main': 'Rain', 'description': 'light intensity shower rain', 'icon': '09n'}]",stations,"{'temp': 42.1, 'feels_like': 36.01, 'temp_min': 37, 'temp_max': 46, 'pressure': 1010, 'humidity': 93}",9000.0,"{'speed': 6.93, 'deg': 360}",{'all': 75},1603770866.0,"{'type': 1, 'id': 8512, 'country': 'CL', 'sunrise': 1603791914, 'sunset': 1603841540}",-10800.0,3896218.0,Castro,200,,
126,,,,,,,,,,,,,404,,city not found
127,,,,,,,,,,,,,404,,city not found
128,"{'lon': -35.46, 'lat': -5.2}","[{'id': 801, 'main': 'Clouds', 'description': 'few clouds', 'icon': '02n'}]",stations,"{'temp': 78.8, 'feels_like': 84.22, 'temp_min': 78.8, 'temp_max': 78.8, 'pressure': 1012, 'humidity': 83}",10000.0,"{'speed': 6.93, 'deg': 110}",{'all': 20},1603770909.0,"{'type': 1, 'id': 8452, 'country': 'BR', 'sunrise': 1603785440, 'sunset': 1603829627}",-10800.0,3386213.0,Touros,200,,
129,"{'lon': 20.04, 'lat': -34.53}","[{'id': 802, 'main': 'Clouds', 'description': 'scattered clouds', 'icon': '03d'}]",stations,"{'temp': 62.6, 'feels_like': 64.81, 'temp_min': 62.6, 'temp_max': 62.6, 'pressure': 1010, 'humidity': 93}",10000.0,"{'speed': 2.24, 'deg': 80}",{'all': 40},1603770859.0,"{'type': 1, 'id': 1966, 'country': 'ZA', 'sunrise': 1603770184, 'sunset': 1603818244}",7200.0,1015776.0,Bredasdorp,200,,
130,"{'lon': 155.55, 'lat': 62.55}","[{'id': 803, 'main': 'Clouds', 'description': 'broken clouds', 'icon': '04d'}]",stations,"{'temp': 12.42, 'feels_like': 3.49, 'temp_min': 12.42, 'temp_max': 12.42, 'pressure': 1026, 'humidity': 95, 'sea_level': 1026, 'grnd_level': 930}",10000.0,"{'speed': 5.73, 'deg': 350}",{'all': 74},1603770912.0,"{'country': 'RU', 'sunrise': 1603745823, 'sunset': 1603777564}",39600.0,2125906.0,Dukat,200,,
131,"{'lon': -38.51, 'lat': -12.97}","[{'id': 803, 'main': 'Clouds', 'description': 'broken clouds', 'icon': '04n'}]",stations,"{'temp': 77, 'feels_like': 82.4, 'temp_min': 77, 'temp_max': 77, 'pressure': 1009, 'humidity': 88}",10000.0,"{'speed': 6.93, 'deg': 10}",{'all': 75},1603770666.0,"{'type': 1, 'id': 8454, 'country': 'BR', 'sunrise': 1603785725, 'sunset': 1603830805}",-10800.0,3450554.0,Salvador,200,,
132,"{'lon': -25.09, 'lat': 17.2}","[{'id': 803, 'main': 'Clouds', 'description': 'broken clouds', 'icon': '04n'}]",stations,"{'temp': 78.8, 'feels_like': 68.36, 'temp_min': 78.8, 'temp_max': 78.8, 'pressure': 1011, 'humidity': 78}",8000.0,"{'speed': 33.33, 'deg': 60}",{'all': 75},1603770914.0,"{'type': 1, 'id': 2467, 'country': 'CV', 'sunrise': 1603784210, 'sunset': 1603825879}",-3600.0,3374346.0,Ponta do Sol,200,,
133,"{'lon': -49.17, 'lat': -28.27}","[{'id': 804, 'main': 'Clouds', 'description': 'overcast clouds', 'icon': '04n'}]",stations,"{'temp': 67.86, 'feels_like': 71.8, 'temp_min': 67.86, 'temp_max': 67.86, 'pressure': 1005, 'humidity': 92, 'sea_level': 1005, 'grnd_level': 996}",10000.0,"{'speed': 2.73, 'deg': 26}",{'all': 100},1603770915.0,"{'country': 'BR', 'sunrise': 1603787281, 'sunset': 1603834367}",-10800.0,3469115.0,Braço do Norte,200,,
134,"{'lon': -75.95, 'lat': 20.05}","[{'id': 802, 'main': 'Clouds', 'description': 'scattered clouds', 'icon': '03n'}]",stations,"{'temp': 78.8, 'feels_like': 86.47, 'temp_min': 78.8, 'temp_max': 78.8, 'pressure': 1015, 'humidity': 88}",9000.0,"{'speed': 4.7, 'deg': 360}",{'all': 40},1603770916.0,"{'type': 1, 'id': 7240, 'country': 'CU', 'sunrise': 1603710166, 'sunset': 1603751544}",-14400.0,3561408.0,El Cobre,200,,
135,"{'lon': -109.91, 'lat': 22.89}","[{'id': 801, 'main': 'Clouds', 'description': 'few clouds', 'icon': '02n'}]",stations,"{'temp': 77.47, 'feels_like': 77.76, 'temp_min': 73.4, 'temp_max': 80.6, 'pressure': 1012, 'humidity': 73}",10000.0,"{'speed': 11.41, 'deg': 280}",{'all': 20},1603770917.0,"{'type': 1, 'id': 7151, 'country': 'MX', 'sunrise': 1603718493, 'sunset': 1603759518}",-25200.0,3985710.0,Cabo San Lucas,200,,
136,"{'lon': -90.35, 'lat': -0.74}","[{'id': 803, 'main': 'Clouds', 'description': 'broken clouds', 'icon': '04n'}]",stations,"{'temp': 68, 'feels_like': 72.99, 'temp_min': 68, 'temp_max': 68, 'pressure': 1014, 'humidity': 92}",10000.0,"{'speed': 1.01, 'deg': 145, 'gust': 1.99}",{'all': 55},1603770848.0,"{'type': 3, 'id': 2005652, 'country': 'EC', 'sunrise': 1603712467, 'sunset': 1603756155}",-21600.0,3652764.0,Puerto Ayora,200,,
137,"{'lon': -77.03, 'lat': -12.04}","[{'id': 800, 'main': 'Clear', 'description': 'clear sky', 'icon': '01n'}]",stations,"{'temp': 61.79, 'feels_like': 57.31, 'temp_min': 61, 'temp_max': 62.6, 'pressure': 1014, 'humidity': 82}",10000.0,"{'speed': 11.41, 'deg': 170}",{'all': 0},1603770859.0,"{'type': 1, 'id': 8682, 'country': 'PE', 'sunrise': 1603708646, 'sunset': 1603753583}",-18000.0,3936456.0,Lima,200,,
138,"{'lon': -159.32, 'lat': 22.08}","[{'id': 804, 'main': 'Clouds', 'description': 'overcast clouds', 'icon': '04d'}]",stations,"{'temp': 73.4, 'feels_like': 76.95, 'temp_min': 73.4, 'temp_max': 73.4, 'pressure': 1013, 'humidity': 88}",10000.0,"{'speed': 6.93, 'deg': 310}",{'all': 90},1603770838.0,"{'type': 1, 'id': 7873, 'country': 'US', 'sunrise': 1603730305, 'sunset': 1603771421}",-36000.0,5848280.0,Kapaa,200,,
139,"{'lon': 34.13, 'lat': -5.95}","[{'id': 803, 'main': 'Clouds', 'description': 'broken clouds', 'icon': '04d'}]",stations,"{'temp': 62.31, 'feels_like': 60.04, 'temp_min': 62.31, 'temp_max': 62.31, 'pressure': 1014, 'humidity': 85, 'sea_level': 1014, 'grnd_level': 855}",10000.0,"{'speed': 8.39, 'deg': 99}",{'all': 82},1603770922.0,"{'country': 'TZ', 'sunrise': 1603768699, 'sunset': 1603812967}",10800.0,154097.0,Mgandu,200,,
140,"{'lon': -14.42, 'lat': -7.93}","[{'id': 801, 'main': 'Clouds', 'description': 'few clouds', 'icon': '02n'}]",stations,"{'temp': 73.4, 'feels_like': 72, 'temp_min': 73.4, 'temp_max': 73.4, 'pressure': 1011, 'humidity': 78}",10000.0,"{'speed': 12.75, 'deg': 140}",{'all': 20},1603770805.0,"{'type': 1, 'id': 2046, 'country': 'SH', 'sunrise': 1603780237, 'sunset': 1603824731}",0.0,2411397.0,Georgetown,200,,
141,"{'lon': 80.26, 'lat': 41.12}","[{'id': 803, 'main': 'Clouds', 'description': 'broken clouds', 'icon': '04d'}]",stations,"{'temp': 52.16, 'feels_like': 46.94, 'temp_min': 52.16, 'temp_max': 52.16, 'pressure': 1026, 'humidity': 39, 'sea_level': 1026, 'grnd_level': 902}",10000.0,"{'speed': 1.95, 'deg': 107}",{'all': 74},1603770724.0,"{'country': 'CN', 'sunrise': 1603760644, 'sunset': 1603798880}",28800.0,1529660.0,Aksu,200,,
142,"{'lon': -56.15, 'lat': 72.79}","[{'id': 802, 'main': 'Clouds', 'description': 'scattered clouds', 'icon': '03n'}]",stations,"{'temp': 17.6, 'feels_like': 9.3, 'temp_min': 17.6, 'temp_max': 17.6, 'pressure': 1000, 'humidity': 83, 'sea_level': 1000, 'grnd_level': 1000}",10000.0,"{'speed': 4.88, 'deg': 84}",{'all': 41},1603770926.0,"{'country': 'GL', 'sunrise': 1603801451, 'sunset': 1603823547}",-10800.0,3418910.0,Upernavik,200,,
143,"{'lon': -70.92, 'lat': -53.15}","[{'id': 801, 'main': 'Clouds', 'description': 'few clouds', 'icon': '02n'}]",stations,"{'temp': 41, 'feels_like': 25.7, 'temp_min': 41, 'temp_max': 41, 'pressure': 986, 'humidity': 70}",10000.0,"{'speed': 20.8, 'deg': 310}",{'all': 20},1603770800.0,"{'type': 1, 'id': 8487, 'country': 'CL', 'sunrise': 1603789778, 'sunset': 1603842309}",-10800.0,3874787.0,Punta Arenas,200,,
144,"{'lon': 105.78, 'lat': 10.03}","[{'id': 802, 'main': 'Clouds', 'description': 'scattered clouds', 'icon': '03d'}]",stations,"{'temp': 84.2, 'feels_like': 91.2, 'temp_min': 84.2, 'temp_max': 84.2, 'pressure': 1009, 'humidity': 79}",10000.0,"{'speed': 8.05, 'deg': 350}",{'all': 40},1603770676.0,"{'type': 1, 'id': 9305, 'country': 'VN', 'sunrise': 1603752384, 'sunset': 1603794891}",25200.0,1586203.0,Can Tho,200,,
145,"{'lon': -69.36, 'lat': 77.48}","[{'id': 804, 'main': 'Clouds', 'description': 'overcast clouds', 'icon': '04n'}]",stations,"{'temp': 8.67, 'feels_like': -2.6, 'temp_min': 8.67, 'temp_max': 8.67, 'pressure': 1002, 'humidity': 78, 'sea_level': 1002, 'grnd_level': 1002}",10000.0,"{'speed': 9.08, 'deg': 72}",{'all': 96},1603770794.0,"{'country': 'GL', 'sunrise': 1603812343, 'sunset': 1603818995}",-10800.0,3831208.0,Qaanaaq,200,,
146,"{'lon': -6.59, 'lat': 62.23}","[{'id': 803, 'main': 'Clouds', 'description': 'broken clouds', 'icon': '04n'}]",stations,"{'temp': 33.8, 'feels_like': 29.32, 'temp_min': 33.8, 'temp_max': 33.8, 'pressure': 992, 'humidity': 86}",10000.0,"{'speed': 1.12, 'deg': 20}",{'all': 62},1603770792.0,"{'type': 1, 'id': 1596, 'country': 'FO', 'sunrise': 1603784730, 'sunset': 1603816480}",0.0,2618795.0,Klaksvík,200,,
147,"{'lon': 24.73, 'lat': -34}","[{'id': 800, 'main': 'Clear', 'description': 'clear sky', 'icon': '01d'}]",stations,"{'temp': 64, 'feels_like': 67.21, 'temp_min': 64, 'temp_max': 64, 'pressure': 1010, 'humidity': 91}",10000.0,"{'speed': 1.01, 'deg': 113, 'gust': 5.99}",{'all': 1},1603770801.0,"{'type': 3, 'id': 2035063, 'country': 'ZA', 'sunrise': 1603769104, 'sunset': 1603817073}",7200.0,986717.0,Kruisfontein,200,,
148,"{'lon': 170.31, 'lat': 69.7}","[{'id': 804, 'main': 'Clouds', 'description': 'overcast clouds', 'icon': '04d'}]",stations,"{'temp': 20.59, 'feels_like': 3.85, 'temp_min': 20.59, 'temp_max': 20.59, 'pressure': 1021, 'humidity': 94, 'sea_level': 1021, 'grnd_level': 1015}",4163.0,"{'speed': 20.71, 'deg': 274}",{'all': 94},1603770814.0,"{'country': 'RU', 'sunrise': 1603744892, 'sunset': 1603771410}",43200.0,2122090.0,Pevek,200,,
149,"{'lon': 7.99, 'lat': 59.57}","[{'id': 804, 'main': 'Clouds', 'description': 'overcast clouds', 'icon': '04n'}]",stations,"{'temp': 43, 'feels_like': 39.49, 'temp_min': 43, 'temp_max': 43, 'pressure': 992, 'humidity': 93}",406.0,"{'speed': 2.68, 'deg': 143}",{'all': 100},1603770934.0,"{'type': 3, 'id': 2004729, 'country': 'NO', 'sunrise': 1603780590, 'sunset': 1603813622}",3600.0,3163198.0,Åmot,200,,
150,,,,,,,,,,,,,404,,city not found
151,,,,,,,,,,,,,404,,city not found
152,"{'lon': 147.33, 'lat': -42.88}","[{'id': 803, 'main': 'Clouds', 'description': 'broken clouds', 'icon': '04d'}]",stations,"{'temp': 57.6, 'feels_like': 49.55, 'temp_min': 55.4, 'temp_max': 59, 'pressure': 1031, 'humidity': 58}",10000.0,"{'speed': 11.41, 'deg': 130}",{'all': 75},1603770802.0,"{'type': 1, 'id': 9545, 'country': 'AU', 'sunrise': 1603738858, 'sunset': 1603788474}",39600.0,2163355.0,Hobart,200,,
153,"{'lon': -159.32, 'lat': 22.08}","[{'id': 804, 'main': 'Clouds', 'description': 'overcast clouds', 'icon': '04d'}]",stations,"{'temp': 73.4, 'feels_like': 76.95, 'temp_min': 73.4, 'temp_max': 73.4, 'pressure': 1013, 'humidity': 88}",10000.0,"{'speed': 6.93, 'deg': 310}",{'all': 90},1603770838.0,"{'type': 1, 'id': 7873, 'country': 'US', 'sunrise': 1603730305, 'sunset': 1603771421}",-36000.0,5848280.0,Kapaa,200,,
154,"{'lon': 96.17, 'lat': 27.92}","[{'id': 802, 'main': 'Clouds', 'description': 'scattered clouds', 'icon': '03d'}]",stations,"{'temp': 83.44, 'feels_like': 86.04, 'temp_min': 83.44, 'temp_max': 83.44, 'pressure': 1015, 'humidity': 50, 'sea_level': 1015, 'grnd_level': 990}",10000.0,"{'speed': 3.15, 'deg': 237}",{'all': 25},1603770940.0,"{'country': 'IN', 'sunrise': 1603755777, 'sunset': 1603796111}",19800.0,1254709.0,Tezu,200,,
155,,,,,,,,,,,,,404,,city not found
156,"{'lon': -70.92, 'lat': -53.15}","[{'id': 801, 'main': 'Clouds', 'description': 'few clouds', 'icon': '02n'}]",stations,"{'temp': 41, 'feels_like': 25.7, 'temp_min': 41, 'temp_max': 41, 'pressure': 986, 'humidity': 70}",10000.0,"{'speed': 20.8, 'deg': 310}",{'all': 20},1603770800.0,"{'type': 1, 'id': 8487, 'country': 'CL', 'sunrise': 1603789778, 'sunset': 1603842309}",-10800.0,3874787.0,Punta Arenas,200,,
157,"{'lon': -68.3, 'lat': -54.8}","[{'id': 801, 'main': 'Clouds', 'description': 'few clouds', 'icon': '02n'}]",stations,"{'temp': 46.4, 'feels_like': 34.05, 'temp_min': 46.4, 'temp_max': 46.4, 'pressure': 982, 'humidity': 42}",10000.0,"{'speed': 13.87, 'deg': 320}",{'all': 20},1603770808.0,"{'type': 1, 'id': 8303, 'country': 'AR', 'sunrise': 1603788854, 'sunset': 1603841976}",-10800.0,3833367.0,Ushuaia,200,,
158,,,,,,,,,,,,,404,,city not found
159,"{'lon': 19.23, 'lat': -34.42}","[{'id': 802, 'main': 'Clouds', 'description': 'scattered clouds', 'icon': '03d'}]",stations,"{'temp': 57, 'feels_like': 57.22, 'temp_min': 57, 'temp_max': 57, 'pressure': 1011, 'humidity': 90}",10000.0,"{'speed': 1.86, 'deg': 332}",{'all': 28},1603770945.0,"{'type': 3, 'id': 2006131, 'country': 'ZA', 'sunrise': 1603770388, 'sunset': 1603818429}",7200.0,3366880.0,Hermanus,200,,
160,"{'lon': 172.79, 'lat': 3.07}","[{'id': 800, 'main': 'Clear', 'description': 'clear sky', 'icon': '01d'}]",stations,"{'temp': 81.7, 'feels_like': 84.18, 'temp_min': 81.7, 'temp_max': 81.7, 'pressure': 1007, 'humidity': 65, 'sea_level': 1007, 'grnd_level': 1006}",10000.0,"{'speed': 8.05, 'deg': 120}",{'all': 6},1603770947.0,"{'country': 'KI', 'sunrise': 1603735919, 'sunset': 1603779194}",43200.0,2110227.0,Butaritari,200,,
161,,,,,,,,,,,,,404,,city not found
162,"{'lon': 96.13, 'lat': 4.14}","[{'id': 803, 'main': 'Clouds', 'description': 'broken clouds', 'icon': '04d'}]",stations,"{'temp': 85.35, 'feels_like': 92.35, 'temp_min': 85.35, 'temp_max': 85.35, 'pressure': 1011, 'humidity': 64, 'sea_level': 1011, 'grnd_level': 1011}",10000.0,"{'speed': 2.75, 'deg': 165}",{'all': 53},1603770949.0,"{'country': 'ID', 'sunrise': 1603754376, 'sunset': 1603797531}",25200.0,1214488.0,Meulaboh,200,,
163,,,,,,,,,,,,,404,,city not found
164,,,,,,,,,,,,,404,,city not found
165,"{'lon': -70.92, 'lat': -53.15}","[{'id': 801, 'main': 'Clouds', 'description': 'few clouds', 'icon': '02n'}]",stations,"{'temp': 41, 'feels_like': 25.7, 'temp_min': 41, 'temp_max': 41, 'pressure': 986, 'humidity': 70}",10000.0,"{'speed': 20.8, 'deg': 310}",{'all': 20},1603770800.0,"{'type': 1, 'id': 8487, 'country': 'CL', 'sunrise': 1603789778, 'sunset': 1603842309}",-10800.0,3874787.0,Punta Arenas,200,,
166,"{'lon': 37.84, 'lat': 57.24}","[{'id': 804, 'main': 'Clouds', 'description': 'overcast clouds', 'icon': '04n'}]",stations,"{'temp': 41.47, 'feels_like': 32.81, 'temp_min': 41.47, 'temp_max': 41.47, 'pressure': 1025, 'humidity': 86, 'sea_level': 1025, 'grnd_level': 1010}",10000.0,"{'speed': 10.65, 'deg': 175}",{'all': 98},1603770954.0,"{'country': 'RU', 'sunrise': 1603772943, 'sunset': 1603806941}",10800.0,553884.0,Kalyazin,200,,
167,"{'lon': 18.42, 'lat': -33.93}","[{'id': 801, 'main': 'Clouds', 'description': 'few clouds', 'icon': '02n'}]",stations,"{'temp': 58.75, 'feels_like': 56.34, 'temp_min': 55.99, 'temp_max': 61, 'pressure': 1010, 'humidity': 93}",10000.0,"{'speed': 8.05, 'deg': 330}",{'all': 20},1603770468.0,"{'type': 1, 'id': 1899, 'country': 'ZA', 'sunrise': 1603770623, 'sunset': 1603818583}",7200.0,3369157.0,Cape Town,200,,
